text,chunk_size
"In the historic city of Boston, Clara, a marine biologist and science communicator, began each morning analyzing sonar data to track whale migration patterns along the Atlantic coast.
She spent her afternoons in a university lab, researching CRISPR-based gene editing to restore coral reefs damaged by ocean acidification and warming.
",335
"ale migration patterns along the Atlantic coast.
She spent her afternoons in a university lab, researching CRISPR-based gene editing to restore coral reefs damaged by ocean acidification and warming.
Clara was the daughter of Ukrainian immigrants—Olena and Mykola—who fled their homeland in the late 1980s after the Chernobyl disaster brought instability and fear to their quiet life near Kyiv.

",396
"ng.
Clara was the daughter of Ukrainian immigrants—Olena and Mykola—who fled their homeland in the late 1980s after the Chernobyl disaster brought instability and fear to their quiet life near Kyiv.

Her father, Mykola, had been a radio engineer at a local observatory, skilled in repairing Soviet-era radio telescopes and radar systems that tracked both weather patterns and cosmic noise.
",390
"ar Kyiv.

Her father, Mykola, had been a radio engineer at a local observatory, skilled in repairing Soviet-era radio telescopes and radar systems that tracked both weather patterns and cosmic noise.
He often told Clara stories about jury-rigging radio antennas during snowstorms and helping amateur astronomers decode signals from distant pulsars.
",349
"at tracked both weather patterns and cosmic noise.
He often told Clara stories about jury-rigging radio antennas during snowstorms and helping amateur astronomers decode signals from distant pulsars.
Her mother, Olena, was a physics teacher with a hidden love for poetry and dissident literature. In the evenings, she would read from both Ukrainian folklore and banned Western science fiction.
",394
"sars.
Her mother, Olena, was a physics teacher with a hidden love for poetry and dissident literature. In the evenings, she would read from both Ukrainian folklore and banned Western science fiction.
They survived harsh winters, electricity blackouts, and the collapse of the Soviet economy, but always prioritized education and storytelling in their home.
",357
"lklore and banned Western science fiction.
They survived harsh winters, electricity blackouts, and the collapse of the Soviet economy, but always prioritized education and storytelling in their home.
Clara’s childhood was shaped by tales of how her parents shared soldering irons with neighbors, built makeshift telescopes, and taught physics to students with no textbooks but endless curiosity.

",397
"e.
Clara’s childhood was shaped by tales of how her parents shared soldering irons with neighbors, built makeshift telescopes, and taught physics to students with no textbooks but endless curiosity.

Inspired by their resilience and thirst for knowledge, Clara created a podcast called **""Crosscurrents""**, a show that explored the intersection of science, culture, and ethics.
",378
"t endless curiosity.

Inspired by their resilience and thirst for knowledge, Clara created a podcast called **""Crosscurrents""**, a show that explored the intersection of science, culture, and ethics.
Each week, she interviewed researchers, engineers, artists, and activists—from marine ecologists and AI ethicists to digital archivists preserving endangered languages.
",369
" science, culture, and ethics.
Each week, she interviewed researchers, engineers, artists, and activists—from marine ecologists and AI ethicists to digital archivists preserving endangered languages.
Topics ranged from brain-computer interfaces, neuroplasticity, and climate migration to LLM prompt engineering, decentralized identity, and indigenous knowledge systems.
",370
"serving endangered languages.
Topics ranged from brain-computer interfaces, neuroplasticity, and climate migration to LLM prompt engineering, decentralized identity, and indigenous knowledge systems.
In one popular episode, she explored how retrieval-augmented generation (RAG) could help scientific researchers find niche studies buried in decades-old journals.
",363
"y, and indigenous knowledge systems.
In one popular episode, she explored how retrieval-augmented generation (RAG) could help scientific researchers find niche studies buried in decades-old journals.
In another, she interviewed a Ukrainian linguist about preserving dialects lost during the Soviet era, drawing parallels to language loss in marine mammal populations.

",369
"uried in decades-old journals.
In another, she interviewed a Ukrainian linguist about preserving dialects lost during the Soviet era, drawing parallels to language loss in marine mammal populations.

Clara also used her technical skills to build Python-based dashboards that visualized ocean temperature anomalies and biodiversity loss, often collaborating with her best friend Amir, a data engineer working on smart city infrastructure.
",438
"o build Python-based dashboards that visualized ocean temperature anomalies and biodiversity loss, often collaborating with her best friend Amir, a data engineer working on smart city infrastructure.
Together, they discussed smart grids, blockchain for sustainability, quantum encryption, and misinformation detection in synthetic media.
",338
"d Amir, a data engineer working on smart city infrastructure.
Together, they discussed smart grids, blockchain for sustainability, quantum encryption, and misinformation detection in synthetic media.
At a dockside café near Boston Harbor, they often debated the ethical implications of generative AI, autonomous weapons, and the carbon footprint of LLM training runs.

",369
" detection in synthetic media.
At a dockside café near Boston Harbor, they often debated the ethical implications of generative AI, autonomous weapons, and the carbon footprint of LLM training runs.

In quieter moments, Clara translated traditional Ukrainian embroidery patterns into generative AI art, donating proceeds to digital archives preserving Eastern European culture.
",378
"f LLM training runs.

In quieter moments, Clara translated traditional Ukrainian embroidery patterns into generative AI art, donating proceeds to digital archives preserving Eastern European culture.
She contributed to open-source projects involving semantic search, vector databases, and multimodal embeddings—often experimenting with few-shot learning and graph-based retrieval techniques to improve her podcast's episode discovery engine.

",443
"olving semantic search, vector databases, and multimodal embeddings—often experimenting with few-shot learning and graph-based retrieval techniques to improve her podcast's episode discovery engine.

One night, while sharing homemade borscht, Clara told Amir how her grandparents once used Morse code to transmit encrypted weather updates through the Carpathian Mountains during World War II.
",393
"gine.

One night, while sharing homemade borscht, Clara told Amir how her grandparents once used Morse code to transmit encrypted weather updates through the Carpathian Mountains during World War II.
The story sparked a conversation about ancient navigation, space weather interference with submarine cables, and the neuroscience behind why humans create myths to understand uncertainty.

",389
"ld War II.
The story sparked a conversation about ancient navigation, space weather interference with submarine cables, and the neuroscience behind why humans create myths to understand uncertainty.

To Clara, knowledge was a living system—retrieved from the past, generated in the present, and evolving toward the future.
",323
" the neuroscience behind why humans create myths to understand uncertainty.

To Clara, knowledge was a living system—retrieved from the past, generated in the present, and evolving toward the future.
",200
"Her life and work were testaments to the power of connecting across disciplines, borders, and generations—exactly the kind of story that RAG models were born to find.",166
